{"cameraMode":{"drawMode":0,"name":"Shaded","section":"Shading Mode"},"sceneLighting":true,"audioPlay":false,"sceneViewState":{"m_AlwaysRefresh":false,"showFog":true,"showSkybox":true,"showFlares":true,"showImageEffects":true,"showParticleSystems":true,"showVisualEffectGraphs":true,"m_FxEnabled":true},"in2DMode":false,"pivot":{"x":1.9906129837036133,"y":8.964815139770508,"z":-5.178302764892578},"rotation":{"x":-0.037800077348947528,"y":-0.005399003624916077,"z":0.00020448958093766123,"w":-0.9992721676826477},"size":4.252841949462891,"orthographic":false}